"Country Name","Mortality from CVD, cancer, diabetes or CRD between exact ages 30 and 70 (%)","Cause of death, by communicable diseases and maternal, prenatal and nutrition conditions (% of total)","People using at least basic drinking water services (% of population)","Hospital beds (per 1,000 people)","Nurses and midwives (per 1,000 people)","Smoking prevalence, total (ages 15+) %","Diabetes prevalence (% of population ages 20 to 79)","People with basic handwashing facilities including soap and water (% of population)","Current health expenditure (% of GDP)","Current health expenditure per capita (current US$)","Out-of-pocket expenditure (% of current health expenditure)","Life expectancy at birth, total (years)","Population ages 65 and above (% of total population)"
"Aruba","","","97.869023380986","","","28.7","11.6","","","","","76.152","14.058355437666"
"Afghanistan","29.8","36.4","67.064623420521","0.5","0.1755","33.5","9.2","37.74603201889","11.777193844318","67.122650146484","75.482577085495","64.486","2.6157942139051"
"Angola","16.5","63.4","55.842904872241","","0.4075","21.955857534516","4.5","26.664182570943","2.7915002778173","114.45964050293","34.121012687683","60.782","2.1993417500136"
"Albania","17","2.9","91.039227667619","2.9","3.6495","28.9","9","","","","","78.458","14.202630620736"
"Andorra","","","99.999996282696","2.5","4.0128","21.8","7.7","","10.320552438498","4040.7866210938","41.77705347538","",""
"Arab World","20.713060837771","19.973405748669","88.631285423235","1.6245235805731","2.1555368329512","24.1","12.536001448713","70.171734720788","4.85796910086","345.78941045835","38.309301466745","71.806825162361","4.657837545386"
"United Arab Emirates","16.8","6.5","98.045506557426","1.2","5.7271","","16.3","","3.3342823386192","1357.0174560547","18.867440521717","77.814","1.1565494560223"
"Argentina","15.8","15.9","","5","2.5996","","5.9","","9.1243147850037","1324.603515625","15.018527209759","76.52","11.2431082719"
"Armenia","22.3","2.8","99.91337653688","4.2","6.107","14.7","6.1","94.042941373525","10.362704843283","407.63586425781","84.348076581955","74.945","11.483667716909"
"American Samoa","","","99.77377165851","","","29.6","","","","","","",""
"Antigua and Barbuda","22.6","11.9","96.739186276271","3.8","4.5171","20.8","13.1","","4.5335318893194","673.85968017578","34.984886646271","76.885","9.0549640643341"
"Australia","9.1","4.6","99.96993559668","3.8","12.5508","","5.6","","9.2059478163719","5331.8178710938","18.152102828026","82.748780487805","15.921201745905"
"Austria","11.4","2.6","100","7.6","7.0899","28.2","6.6","","10.396616905928","4939.8754882812","19.203266501427","81.692682926829","19.075606285668"
"Azerbaijan","22.2","8.8","91.385739943657","4.7","6.4338","6.4","6.1","83.2413","6.6518291831016","275.80935668945","83.85614156723","72.864","6.4463891203953"
"Burundi","22.9","55.8","60.830548920957","0.8","0.8526","12.5","5.1","6.1440993680861","7.5175702571869","23.50043296814","25.462976098061","61.247","2.31209531524"
"Belgium","11.4","7.9","100.00000333764","6.2","19.4614","23","4.6","","10.338669270277","4507.3564453125","17.638222873211","81.59512195122","19.006566066932"
"Benin","19.6","54.1","66.414725338127","0.5","0.3888","37","1","11.034913429605","3.7185821682215","30.766447067261","44.979926943779","61.47","3.2648849252077"
"Burkina Faso","21.7","56.3","47.888127338289","0.4","0.8829","26.4","7.3","11.877389332001","6.9150596857071","44.403491973877","31.677594780922","61.174","2.407287537292"
"Bangladesh","21.6","25.6","97.016005570907","0.8","0.4124","11.5","9.2","34.807603606932","2.2742487490177","36.282337188721","73.884737491608","72.32","5.1803513484749"
"Bulgaria","23.6","2.2","99.108342824869","6.8","4.8156","38.9","6","","8.0956034362316","663.71508789062","46.552568674088","74.963414634146","21.252967270985"
"Bahrain","11.3","6.9","100","2.1","2.4944","26.7","15.6","","4.7481048852205","1127.1862792969","30.55217564106","77.163","2.5188097286573"
"Bahamas, The","15.5","16.9","98.88696049734","2.9","4.5669","","8.8","","5.7588890194893","1771.5355224609","30.982467532158","73.752","7.4832726544487"
"Bosnia and Herzegovina","17.8","1.8","96.142356085021","3.5","5.7333","","9","97.163803040013","8.9316673576832","460.47332763672","29.139310121536","77.262","17.201151166313"
"Belarus","23.7","2.5","96.483971188065","11","11.0027","","5","","5.9257857501507","342.49990844727","27.515000104904","74.175609756098","15.200841351482"
"Belize","22.1","19.4","97.992579787217","1.3","2.3414","13.9","17.1","90.082766643261","5.6428227573633","280.49880981445","24.154862761498","74.496","4.8673892604899"
"Bermuda","","","99.903140017064","","","7.8","6.7","","","","","81.651707317073",""
"Bolivia","17.2","22.4","92.848735179302","1.1","1.5589","16.9","6.8","25.382899074498","6.4431607723236","220.27456665039","25.077846646309","71.239","7.3386316456906"
"Brazil","16.6","13.9","98.193392674591","2.2","10.119","","10.4","","9.467476606369","928.79931640625","27.455493807793","75.672","9.2516080360607"
"Barbados","16.2","13","98.494447580726","5.8","3.06","20","13.4","88.469350608369","6.7791268229485","1183.8361816406","46.303573250771","79.081","16.230990331853"
"Brunei Darussalam","16.6","7.8","99.900009090083","2.7","5.8974","","13.3","","2.3732077330351","671.41149902344","5.1766090095043","75.722","5.20881175208"
"Bhutan","23.3","20.9","97.233383335248","1.7","1.8518","14.3","10.3","79.807043389109","3.1869623810053","96.799301147461","13.306465744972","71.46","6.0929743726838"
"Botswana","20.3","46","90.337713359397","1.8","5.403","30.394043940536","5.8","","6.1345681548119","465.92932128906","2.9932422563434","69.275","4.365895341271"
"Central African Republic","23.1","63.7","","1","0.2063","25.7","6","16.602971078177","5.8217756450176","24.150054931641","31.189098954201","52.805","2.8147901504367"
"Canada","9.8","5.6","99.43624408483","2.7","9.9438","","7.6","","10.572769492865","4754.9477539062","14.219750463963","81.948780487805","17.647896889921"
"Central Europe and the Baltics","19.384099182765","4.0214613731557","99.689971714721","6.4214466607824","7.1655600263635","37.8","6.2960015431365","","6.5989779743611","934.00805074037","22.41601286444","76.97684517184","18.9528248168"
"Switzerland","8.6","4.3","100.00000288037","4.7","17.5357","25.6","5.7","","12.346322089434","9956.259765625","28.946986794472","83.753658536585","18.837996057669"
"Channel Islands","","","94.15","","","","3.9","","","","","82.928","17.6014025392"
"Chile","12.4","8.1","99.832791198363","2.2","13.3248","","8.6","","8.9835099875927","1381.9862060547","33.534181118012","80.042","11.881540127769"
"Mainland China","17","3.8","92.846135512966","4.2","2.6621","","9.2","","5.1511932164431","440.82562255859","36.05041205883","76.704","11.472193023683"
"Cote d'Ivoire","29.1","52.4","72.868946440046","0.4","0.6048","26.9","2.4","19.350796940495","4.4530343264341","69.749244689941","39.360743761063","57.422","2.8731193429413"
"Cameroon","21.6","53.9","60.384863947357","1.5","0.9164","9","6","9.4020664336005","4.6706669032574","67.811813354492","70.957601070404","58.921","2.7236499077537"
"Congo (Kinshasa)","19.4","61.7","43.243322039902","0.8","1.1101","14","6","4.4715974551034","3.9787229150534","19.431646347046","40.124720335007","60.368","3.0169396174126"
"Congo (Brazzaville)","16.7","55.5","73.217760973919","1.6","0.6271","9.1","6","47.963672461366","2.9302792623639","49.983722686768","48.401239514351","64.29","2.7214158960455"
"Colombia","15.8","10.1","97.30010960981","1.5","1.3309","11.9","7.4","65.385758107472","7.2262808680534","459.19757080078","16.308426856995","77.109","8.7658300072967"
"Comoros","22.9","47.4","80.167516871077","2.2","0.6285","","12.3","15.573533718928","7.3843739926815","58.760929107666","74.647128582001","64.118","3.055403426546"
"Cabo Verde","17.2","19.5","87.083208013292","2.1","1.2983","35.2","2.4","","5.1654886454344","167.58961486816","28.896477818489","72.782","4.6983734441343"
"Costa Rica","11.5","6.4","99.701513913036","1.1","3.4144","","9.1","83.84104282107","7.3287963867188","869.07775878906","21.25539034605","80.095","9.8804353231194"
"Caribbean small states","19.097512840685","12.62291447584","94.553792710377","2.2672339247278","2.3311447779273","","11.629347050787","76.200963628378","6.1491208921497","582.67192700355","32.994569156715","73.637107765015","9.0006390215412"
"Cuba","16.4","8.4","95.327582307968","5.2","7.5614","36.4","9.6","85.198207520869","11.711326986551","987.62701416016","10.482663661241","78.726","15.564959156863"
"Curacao","","","99.497751847518","","","34.3","11.6","","","","","","17.168836890542"
"Cayman Islands","","","","","","30.6","6.8","","","","","",""
"Cyprus","11.3","4.1","99.613286148932","3.4","5.2512","13.1","9","","6.6845692694187","1731.6944580078","44.632035493851","80.828","14.048265648791"
"Czech Republic","15","5.4","99.880258796856","6.5","8.3955","","7","","7.2313390672207","1475.9151611328","14.809101819992","79.029268292683","19.800744844637"
"Germany","12.1","4.8","100","8.3","13.2352","19.1","10.4","","11.246834695339","5033.4521484375","12.672919034958","80.892682926829","21.562992320909"
"Djibouti","19.6","45.2","75.632307678145","1.4","","13.7","5.1","","3.316517919302","70.330894470215","26.504215598106","66.582","4.6090636427133"
"Dominica","","","","3.8","6.4385","15.6","11.6","","5.8768890798092","439.5944519043","30.954957008362","",""
"Denmark","11.3","6.5","99.999998935474","3.1","10.3195","26.7134317654","8.3","","10.108279436827","5800.1513671875","13.738465309143","80.953658536585","19.965259128921"
"Dominican Republic","19","15.8","96.690224750161","1.6","1.3802","17.026053933103","8.6","55.181980957229","6.1363950371742","433.20858764648","44.73819732666","73.892","7.2983896575441"
"Algeria","14.2","14.8","93.55588814365","1.9","1.5477","26.232973162609","6.7","83.740602690362","6.3743218779564","258.49429321289","32.548838853836","76.693","6.5527778819129"
"East Asia & Pacific (excluding high income)","18.694913376021","8.7216494291891","92.160970880399","3.6474003099242","2.6564441604201","31.06274220736","8.4880617736044","","4.9123308924293","344.27367728634","36.101685790189","75.210512105621","9.9312199437951"
"Early-demographic dividend","22.26738726625","24.939654190661","90.559444281807","1.2252813069844","1.9737870997376","29.294207738904","10.090910312009","59.481339818482","5.0203329190304","169.71626811991","38.216231664777","70.483190682522","5.969409324646"
"East Asia & Pacific","17.67303911495","9.0312941163827","92.862111523954","4.4436004873796","3.422085740439","7.1","8.2026083003578","","6.6409731828039","671.07995616523","25.962240016008","76.068336425009","11.178944246512"
"Europe & Central Asia (excluding high income)","23.157422247222","4.99382543951","96.167522046253","6.3575437790349","6.8261993743046","25.2","7.2314159554228","","5.2030691392278","410.18518543619","37.524258418309","73.590781529875","12.010522831192"
"Europe & Central Asia","16.811510128336","5.2663758825349","98.262642842896","5.9250309927928","8.3216941804385","29.13178379355","6.6869693783964","","9.2635723656713","2192.4430769079","18.01821546511","77.908606686428","16.621290895851"
"Ecuador","13","15.1","93.994536544831","1.5","2.5059","5.7","5.5","80.634778446355","8.2574293017387","518.02960205078","39.39850628376","76.8","7.3721993670649"
"Egypt, Arab Rep.","27.7","10.2","99.105730458208","1.6","1.9262","29.3","17.2","89.826969445949","5.2876368165016","105.76845550537","60.082513093948","71.825","5.2763329763288"
"Euro area","11.097770122146","5.4221583535378","99.814509931052","6.1674908124806","9.8056352161136","31.3","6.760326847193","","10.135106632834","3761.33529353","15.504954623258","82.059617279891","20.856287978589"
"Eritrea","23.9","42.9","","0.7","1.4397","4.4","5.1","","2.8700234368443","32.911998748779","59.121525287628","65.941",""
"Spain","9.9","5.1","99.926278308357","3","5.7295","29.066420470151","6.9","","8.8731296360493","2506.46484375","23.565790057182","83.431707317073","19.647822947822"
"Estonia","17","2.8","99.712826835327","5","11.1558","","4.2","","6.4293578267097","1300.4816894531","23.664624989033","78.243902439024","19.991807780044"
"Ethiopia","18.3","49","41.059952134759","0.3","0.7135","20.4","4.3","7.9603897470719","3.5025574266911","25.261953353882","34.408989548683","66.24","3.5166904550043"
"European Union","12.820411260186","5.111679560549","99.81391057077","6.1082828271088","9.3145248800768","22.6","6.6707202061821","","9.8725664785525","3261.4262264351","15.818450187358","81.034409217266","20.463467300206"
"Fragile and conflict affected situations","22.690650430621","50.362259754109","67.649535991877","","1.0393157566993","32.7","6.5989574091733","38.010549023985","4.6983591201884","81.409367173405","61.626965453357","61.495012328939","3.4200956094214"
"Finland","10.2","1.3","100.00000221013","4.4","14.7374","","5.6","","9.2069387435913","4205.7426757812","20.22742331028","81.734146341463","22.140644623904"
"Fiji","30.6","10.1","93.79091928285","2.3","3.3752","","14.7","","3.5007447004318","188.41432189941","15.594248473644","67.341","5.6242295941471"
"France","10.6","6","100.00000150288","6.5","11.4707","","4.8","","11.31289228797","4379.7270507812","9.3842193484306","82.724390243902","20.391370281786"
"Faroe Islands","","","100","","","22.3","4.7","","","","","82.548780487805",""
"Micronesia, Fed. Sts.","26.1","18.5","78.566479016968","3.2","2.0426","28.8","11.9","","12.351549416781","424.80978393555","2.403530664742","67.755","4.1927689671836"
"Gabon","14.4","49.9","85.771003655695","6.3","2.946","3.9","6","","2.7807459235191","204.49224853516","25.156390666962","66.187","3.5447272573287"
"United Kingdom","10.9","7.7","100.00000147558","2.8","8.1723","","3.9","","9.6316941082478","3858.6743164062","15.956822037697","81.256097560976","18.50869563904"
"Georgia","24.9","2.7","98.394439354455","2.6","4.7293","","5.8","","7.6016589999199","293.05358886719","54.761904478073","73.6","15.06105562874"
"Ghana","20.8","47.5","81.453389676073","0.9","4.2001","15.5","2.5","41.047308381957","3.2623704522848","66.749412536621","40.291696786881","63.78","3.0973221781312"
"Gibraltar","","","100","","","","","","","","","",""
"Guinea","22.4","55.7","61.89872307738","0.3","0.1238","","2.4","17.449717114906","4.1230868548155","33.720111846924","56.683546304703","61.185","2.9419055901045"
"Gambia, The","20.4","54.8","77.991566824661","1.1","1.5447","43.4","1.9","7.8762662908399","3.2820712774992","23.272325515747","22.031408548355","61.735","2.5609254310378"
"Guinea-Bissau","20","62.1","66.634414228278","1","0.6851","","2.4","6.4029370885961","7.2358690202236","52.359409332275","72.061204910278","58.003","2.8632604551356"
"Equatorial Guinea","22","53.4","64.665817812601","2.1","0.5024","","6","24.639968206255","3.1070942059159","301.15005493164","76.792013645172","58.402","2.4245088076131"
"Greece","12.4","10.9","100","4.3","3.6331","","4.7","","8.0413900315762","1516.5877685547","34.750208258629","81.787804878049","21.941470126143"
"Grenada","21.4","11.9","95.628650443555","3.7","6.2837","","10.7","","4.7571174800396","497.2360534668","52.413839101791","72.384","9.6774193548387"
"Greenland","","","99.999997467225","","","","2.1","","","","","",""
"Guatemala","14.9","25.1","94.190580738008","0.6","0.0737","24.191592711529","10","76.665503620772","5.8138437569141","259.93502807617","54.134106636047","74.063","4.9289843307773"
"Guam","","","99.6952","","","","18.7","","","","","79.859","10.189845421832"
"Guyana","30.5","20","95.539747679132","1.6","1.0398","2","11.6","77.159414922244","4.9455098807812","230.52728271484","32.470643520355","69.774","6.7115843048881"
"High income","12.316970659854","6.6294492987945","99.52960739013","4.1630393702461","10.906439464071","","7.931788078224","","12.487861039237","5284.1175499453","13.634475160873","80.656104681899","18.264478588415"
"Hong Kong","","","100","","","37","4.5","","","","","84.934146341463","17.498252456848"
"Honduras","14","14","94.827109438246","0.7","0.7357","12.7","7.3","84.169252609325","7.8584253787994","195.93574523926","48.701676726341","75.088","4.8281895240946"
"Heavily indebted poor countries (HIPC)","21.03462901697","52.912109179248","57.567444693143","","0.83245361691461","30.6","5.7293189740334","19.534966967299","5.1696189172612","53.231096793412","46.356092647114","63.13500640117","3.0485391106252"
"Croatia","16.7","2.3","99.586666555294","5.6","8.1224","21.001703608659","5.4","","6.7891336977482","902.1396484375","10.973251610994","78.070731707317","20.860135234598"
"Haiti","26.5","30.3","65.466825926537","0.7","0.6798","19.84056437869","6.7","22.862746263695","8.0355010926723","62.35327911377","40.227901935577","63.66","5.0636695460752"
"Hungary","23","1.8","99.999997488668","7","6.9157","14.756597495471","6.9","","6.8799898028374","981.42303466797","26.894325017929","76.065853658537","19.6944576067"
"IBRD only","19.821331466927","14.156479194521","93.595594423258","2.6087324816687","3.0019435958257","13.985349284788","9.3019768115954","","5.5242134846759","324.5867922639","35.097169931142","73.404867135418","8.7914237704354"
"IDA & IBRD total","20.23223133514","22.987187583219","87.807159091801","2.4605330314587","2.5369090474993","39.4","8.9868596305506","","5.4351546503949","258.48144026705","36.129999034205","71.071726391464","7.4467909584878"
"IDA total","22.125227958898","47.580040059849","70.697012477585","","1.1444962090646","15.28092531591","7.8512178246266","35.553024186745","4.1460646746752","55.07456220092","55.027133615562","64.247800472344","3.5660966762344"
"IDA blend","22.733800269127","50.728742717688","78.52275481475","","1.6184577389988","","10.604741130132","45.88084893477","3.8028298807891","65.195839692902","59.572111350247","62.161750139953","3.4653294133486"
"Indonesia","26.4","20.7","89.344012228447","1.2","2.4149","11.5","6.3","64.203618575485","2.9890544712544","114.97178649902","34.605717658997","71.509","6.0503026824132"
"IDA only","21.812250932985","45.800827663118","66.698367947228","","0.91277773751685","","6.4577221489016","30.152345228564","4.4516153541771","49.635770394418","51.874500725549","65.304091521965","3.6171964675651"
"Isle of Man","","","99.075","1.5842793837593","2.273","24.3","","","","","","",""
"India","23.3","26","92.674642570743","0.7","1.7271","11","10.4","59.549687518252","3.534959629178","69.293098449707","62.401503324509","69.416","6.3779241556898"
"Not classified","","","","","","","","","","","","",""
"Ireland","10.3","5.1","97.394544611561","2.8","16.0996","14.7","3.2","","7.1843832731247","4976.8623046875","12.281116843224","82.256097560976","14.222830745346"
"Iran, Islamic Rep.","14.8","7.9","95.244544879957","1.5","2.6286","25.2","9.6","","8.6596637964249","475.47994995117","41.756564378738","76.479","6.3585220553956"
"Iraq","21.3","16.8","96.533478334141","1.4","2.0448","23.7","8.8","94.575947777247","4.1666302829981","210.31370544434","58.043295145035","70.454","3.3985331335968"
"Iceland","9.1","4.4","99.999999430685","3.2","16.2132","16.8","5.8","","8.3262912929058","6086.3115234375","16.480378806591","82.860975609756","15.192121074474"
"Israel","9.6","10","100.00000146691","3.1","5.7002","","9.7","","7.4074640870094","3144.6262207031","22.250886261463","82.80243902439","12.208674413634"
"Italy","9.5","4.9","99.4427338843","3.4","5.7401","22.1","5","","8.8402591645718","2840.1306152344","23.485806584358","83.346341463415","23.012136648881"
"Jamaica","14.7","11.2","90.648436180687","1.7","0.8068","24","11.3","66.424516552286","5.9884168207645","307.19604492188","17.229695618153","74.368","8.922391673244"
"Jordan","19.2","10.7","98.937222648214","1.4","2.8212","10.7","12.7","","8.1192508339882","340.66180419922","30.427426099777","74.405","3.8934162923565"
"Japan","8.4","12.7","99.010208333333","13.4","12.1531","26.5","5.6","","10.935933142901","4168.986328125","12.847717106342","84.210975609756","28.002049277812"
"Kazakhstan","26.8","4.5","95.627507221289","7","7.2936","17.2","6.1","98.99937404786","3.125361725688","279.64532470703","33.149474859238","73.15","7.6523439409809"
"Kenya","13.4","63.3","58.916333388955","1.4","1.1656","47","3.1","24.651043699219","4.80254329741","76.610321044922","24.0433126688","66.342","2.4238267098437"
"Kyrgyz Republic","24.9","9.6","87.455902899241","4.5","5.9445","","6.1","89.220401680752","6.1858631670475","78.82283782959","56.376630067825","71.4","4.6002945829469"
"Cambodia","21.1","25.6","78.510656931422","0.8","0.6855","23.3","6.4","66.228622095671","5.9188418090344","82.075866699219","60.435873270035","69.57","4.7177691962329"
"Kiribati","28.4","28.7","71.615977118478","1.9","3.8342","22.5","22.5","","10.757596790791","171.41748046875","0.11221959721297","68.116","4.0822747138751"
"St. Kitts and Nevis","","","","2.3","4.2188","13.57759963519","13.3","","5.0368070602417","902.65899658203","47.769916057587","",""
"South Korea","7.8","10.1","99.787654998674","11.5","7.3009","28.9","6.9","","7.6038636267185","2283.0747070312","33.66904258728","82.626829268293","15.060176895374"
"Kuwait","17.4","14.8","100","2","7.4145","33.8","12.2","","5.2913848310709","1529.0776367188","12.615309655666","75.398","2.7638389829723"
"Latin America & Caribbean (excluding high income)","16.133983385555","13.850785386702","96.486482103527","2.1651603231983","4.8414944191284","9.8","9.728371386423","","7.9700838364972","653.92639714392","27.927815919039","75.246076122391","8.5006730775772"
"Lao PDR","27","31.4","82.061896864682","1.5","0.9522","","6.4","49.839156544981","2.5280868634582","62.124633789062","46.18336558342","67.61","4.1639845706543"
"Lebanon","17.9","3.6","92.6","2.9","1.6735","","11.2","","8.1955440342426","719.44348144531","33.218747377396","78.875","7.2732916328324"
"Liberia","17.6","58.5","72.948030949377","0.8","0.5321","14.349074671337","2.4","1.1884804397849","8.1553377211094","56.599029541016","45.506358146668","63.73","3.2856939741652"
"Libya","20.1","8","98.528947368421","3.7","6.5305","15.878178401612","10.2","","","","","72.724","4.4582388779736"
"St. Lucia","18.8","9.7","98.162001417055","1.3","3.1547","","11.6","87.201962128677","4.5458868145943","460.06881713867","44.753098487854","76.057","10.035012856283"
"Latin America & Caribbean","16.010388180793","13.626838997917","96.618772069854","2.1755204481043","5.0610379947819","","9.694271356913","","8.017412178464","685.31702184882","28.237762274722","75.440915486084","8.7019307566598"
"Least developed countries: UN classification","21.628850454114","47.549985678676","64.574043571353","","0.72423436232138","13","6.4420581881815","28.278144819925","4.1130700825618","47.195286495353","52.377421661302","65.039624121296","3.5630978631105"
"Low income","22.330200748714","49.658754565508","56.17788151497","0.8121400491635","0.91258403091828","15.014728841669","6.3932788326396","19.554940119326","5.6962711743614","44.809596538149","51.496148286441","63.496338750408","3.2768419933869"
"Liechtenstein","","","100","","","19.719753259061","9.4","","","","","83.041463414634",""
"Sri Lanka","17.4","7.5","89.416292425835","3.6","2.1803","26.7","10.7","","3.8114205002785","159.48474121094","49.757796525955","76.812","10.838805756947"
"Lower middle income","22.541872970476","31.328054030836","88.31959138731","0.98760337357462","1.7927531141967","24.748186203214","9.5132462249874","57.094910563055","4.0451052179045","80.500917741357","55.707653365167","68.422469086816","5.6391748490442"
"Low & middle income","20.291944310549","23.228303981414","87.683218603235","2.4151576712591","2.4762160711947","28.8","9.0065227457589","","5.3884439006212","249.51367636624","36.509238583624","70.998807594545","7.3402675004278"
"Lesotho","26.6","59.3","68.649937584619","","3.2567","23.5","4.5","2.1171114108911","8.7631583213806","104.55279541016","16.642640531063","53.705","4.9258258252606"
"Late-demographic dividend","17.645944737175","5.8817188510474","94.287249946798","4.2187315242763","4.0082421123668","37","8.8309382887448","","5.691942822225","506.21664587585","32.729638239042","76.22443889602","11.184192456358"
"Lithuania","20.7","3.6","97.542068103766","7.3","9.8472","","3.8","","6.4575642347336","1078.1791992188","32.273811101914","75.680487804878","20.158412713022"
"Luxembourg","10","4.9","99.889603191058","5.1","12.1744","","5","","5.4810743778944","5782.6284179688","10.689541697502","82.29512195122","14.274948881732"
"Latvia","21.9","2.7","98.62618237194","5.8","4.7517","23.4","5","","5.9556618332863","930.35235595703","41.987577080727","74.782926829268","20.336511003318"
"Macau","","","100","","","","4.3","","","","","84.118","11.211735590098"
"St. Martin (French part)","","","","","","24.2","","","","","","79.870731707317",""
"Morocco","12.4","14","86.778512663149","1.1","1.3887","","7","","5.2452001720667","161.01086425781","53.936213254929","76.453","7.3004547709216"
"Monaco","","","100","13.8","20.1609","28.3","2.9","","1.7727022990584","2932.421875","6.8878389894962","",""
"Moldova","24.9","4.2","89.055652652662","6.2","4.9235","19.475427803616","5.7","86.979417484225","7.0129506289959","191.18577575684","43.635484576225","71.808","12.013119107018"
"Madagascar","22.9","46.2","54.403981640779","0.2","0.146","14","4.5","50.540350916181","5.50203807652","24.670837402344","24.685411155224","66.681","3.0440641281587"
"Maldives","13.4","8","99.256200987892","4.3","6.4282","","9.2","95.802862936676","9.0299762785435","1006.9387817383","20.646998286247","78.627","3.6410002391925"
"Middle East & North Africa","18.861208810805","12.053483927511","94.086830858415","1.6284850701465","2.5429362737312","20.168370727499","11.373898186063","","5.6851857741292","458.96085678952","34.258544411585","74.088909256683","5.3083304394287"
"Mexico","15.7","9.8","99.318218890349","1.5","2.3961","","13.5","87.84668421727","5.5165413767099","494.67764282227","41.283276677132","74.992","7.4166606042449"
"Marshall Islands","","","88.486437884573","2.7","3.339","12.3","30.5","82.502167283569","16.402940452099","642.19915771484","12.413543462753","",""
"Middle income","20.150862869705","19.95903142301","91.207401120664","2.3957516035055","2.6525448366282","25.5","9.2438984548233","","5.3846474103008","269.49670596572","36.267045625858","71.854614397749","7.8112414159085"
"North Macedonia","20.3","1.9","93.141462846526","4.4","3.7917","20.3","9.3","","6.0621149837971","328.41979980469","31.905615329742","75.688","14.085422367323"
"Mali","24.6","60.6","78.260829577264","0.1","0.3585","19.437298311986","2.4","52.232083918447","3.7939850240946","31.378105163574","35.11301279068","58.893","2.4951278182439"
"Malta","10.8","6.4","100.00000221355","4.8","9.4833","45.9","8.3","","9.3409992754459","2585.5639648438","34.753787517548","82.448780487805","20.817172753944"
"Myanmar","24.2","23.6","81.774048526166","0.9","0.9993","25.6","3.9","79.287085479675","4.6590723097324","58.043956756592","76.23096704483","66.867","6.0117045995757"
"Middle East & North Africa (excluding high income)","19.574191475723","12.242657311341","93.222937274412","1.5166967169274","2.00868081163","","10.790643619589","","6.6845710566941","262.15307165908","44.237580222634","73.587358214888","5.5021456411771"
"Montenegro","20.6","1.4","97.042050109391","4","5.2294","16.6","9","","","","","76.77","15.389172068849"
"Mongolia","30.2","9.7","83.313115007116","7","3.8938","","4.7","71.17954890613","4.0023010224104","148.7844543457","32.15246796608","69.689","4.1893334515701"
"Northern Mariana Islands","","","100","","","21.6","","","","","","",""
"Mozambique","18.4","65.3","55.693975618687","0.7","0.6847","14.5","3.3","12.226983803799","4.9411982297897","21.071155548096","7.3953345417976","60.163","2.8784461692662"
"Mauritania","18.1","53.4","70.696187645099","","0.9252","21.5","7.1","42.999048887847","4.4031515717506","48.81713104248","49.545481801033","64.704","3.1562438131063"
"Mauritius","22.6","6.5","99.866331354597","3.4","3.5152","21.02824537958","22","","5.7187207043171","599.69976806641","48.865649104118","74.416341463415","11.99872722633"
"Malawi","16.4","59.7","68.831876760924","1.3","0.4386","21.4","4.5","8.703956048183","9.6482314169407","32.259384155273","10.590387135744","63.798","2.6420241790819"
"Malaysia","17.2","17.5","96.695938905428","1.9","3.4676","","16.7","","3.8593981415033","384.06607055664","37.947195768356","75.997","6.9207713092958"
"North America","14.088524489421","5.2335109750843","99.286186681033","2.9","14.078931732833","7.7","10.461438276634","","16.554758959885","9691.0893394714","11.153540230918","78.886890545727","16.357391910239"
"Namibia","21.3","49.3","82.541098871474","2.7","1.954","5.8","4.5","44.599903852755","8.5509568452835","447.28063964844","7.7341951429844","63.373","3.6080544230777"
"New Caledonia","","","99.328597588897","","","","21.8","","","","","77.148780487805","9.4267020335986"
"Niger","20","62.7","50.273065063509","0.3","0.2695","25.8","2.4","","7.7399626374245","29.261650085449","47.828513383865","62.024","2.5967114264835"
"Nigeria","22.5","62.7","71.376630701811","","1.1792","20.2","3.1","41.948915330676","3.7555385380983","73.924980163574","77.224802970886","54.332","2.743083338192"
"Nicaragua","14.2","10.9","81.524763535089","0.9","1.5334","22.8","11.4","","8.6454652249813","192.08338928223","32.599049806595","74.275","5.4579923739997"
"Netherlands","11.2","5.2","99.999999283454","4.7","11.1839","40","5.4","","10.100834816694","4911.4404296875","11.0869333148","81.812195121951","19.605319723252"
"Norway","9.2","7.3","100.00000460175","3.9","18.2248","16","5.3","","10.446342080831","7936.375","14.177286624908","82.758536585366","17.272665921403"
"Nepal","21.8","25","88.812249522381","0.3","3.1084","23.097481128594","7.2","47.781840000327","5.5532950907946","47.915363311768","57.798552513123","70.478","5.7825676166454"
"Nauru","","","99.484934419357","","7.6636","11.1","12","","11.017515510321","1106.7509765625","0.92451861128211","",""
"New Zealand","10.1","4.6","100","2.8","12.4482","23.212059888714","6.2","","9.1700553894043","3937.2219238281","13.577073812485","81.858536585366","15.993956174109"
"OECD members","12.538402082505","6.7697470113648","99.41915349751","3.7052408748382","9.6374719469803","20.1","8.316848132191","","12.508275229507","4675.683246962","13.839681845866","80.077556735736","17.104897010758"
"Oman","17.8","10.5","91.938078418894","1.6","4.1965","6.1","10.1","","3.849071636796","587.64630126953","6.6925913095474","77.633","2.4485898050768"
"Other small states","18.380454369749","39.525806236591","85.721057987066","","3.7749224853887","4.8","8.2417729316188","","4.5608937929034","639.8970203714","21.957671398428","68.54693170384","5.5738623862955"
"Pakistan","24.7","34.9","91.465450732994","0.6","0.6683","24.3","19.9","59.606912458763","2.8986336663365","44.592964172363","60.236877202988","67.114","4.3224077088835"
"Panama","13","15.6","96.382418947718","2.3","3.0741","15.6","7.7","","7.3194913566113","1112.3032226562","33.270066976547","78.329","8.313836605212"
"Peru","12.6","20.3","91.127870970988","1.6","2.4398","36.3","6.6","","4.9951504915953","332.57092285156","28.1882584095","76.516","8.393478860476"
"Philippines","26.8","25.2","93.568376039874","1","4.9351","28","7.1","78.462963030932","4.4464077800512","132.90098571777","53.045779466629","71.095","5.3149962195912"
"Palau","","","99.999997805527","4.8","7.2626","","17.9","","11.961162090301","1596.3629150391","15.457022190094","",""
"Papua New Guinea","30","36.1","41.327049416571","","0.4548","","17.9","","2.4692760780454","61.45783996582","8.9985445141792","64.263","3.5094254184856"
"Poland","18.7","5","99.724682540735","6.5","6.8926","","6.1","","6.5419539809227","906.82012939453","23.049792647362","77.60243902439","18.11689725296"
"Pre-demographic dividend","21.261291789947","57.068028647701","62.084118846493","","0.85146878449435","22.7","5.3712796396426","29.825963408946","4.3541317543919","65.896891395763","55.638112454195","60.820956295376","2.7682337709021"
"Puerto Rico","","","97.124790662192","","","13.4","13.7","","","","","79.778195121951","19.69708952863"
"Korea, Dem. Peopleâ€™s Rep.","25.6","9.5","94.512452815742","13.2","4.4489","","6.4","","","","","72.095","9.2580888898811"
"Portugal","11.1","10.2","99.907660209244","3.4","6.9746","","9.8","","8.9695744216442","1908.0339355469","27.532079815865","81.324390243902","22.35669071962"
"Paraguay","17.5","13.7","99.610197728488","1.3","1.6604","24.512482666756","9.6","79.601525300844","6.6545687615871","381.11306762695","44.176253676414","74.131","6.6208246955556"
"West Bank and Gaza","","","96.826896244167","","","","9.5","","","","","73.895","3.1734124004802"
"Pacific island small states","26.837075504306","15.106035118364","85.436685084202","2.0768964148197","2.7975601379037","20.6","15.325310861322","","4.994461551136","199.00904111287","10.604915694997","69.929057966298","4.6275499755503"
"Post-demographic dividend","12.425810843943","6.4199555483677","99.250263827837","4.6073577653519","11.218792094035","29.7","7.5789779281551","","12.954802545151","5550.6246089383","13.470726750402","80.659892001875","19.292064121791"
"French Polynesia","","","100","","9.7653597974663","39.3","19.5","","","","","77.462","8.68067615034"
"Qatar","15.3","5.2","99.568101936262","1.4","7.2628","12.3","15.6","","2.6074286550283","1649.1861572266","8.902657777071","80.1","1.5231631172568"
"Romania","21.4","4.2","100","6.3","7.3891","13.674745594469","6.9","","5.1578883081675","555.10473632812","20.488046109676","75.358536585366","18.79006578875"
"Russia","25.4","4.8","97.089911200025","8.2","8.5429","15.6","6.1","","5.3445778787136","585.87322998047","40.493083000183","72.657317073171","15.094125232423"
"Rwanda","18.2","42.4","57.713278534913","1.6","1.2044","","5.1","4.6172783449698","6.5715983510017","49.204456329346","6.2479995191097","68.7","3.0282530619033"
"South Asia","23.256881238093","26.95450038267","92.307813961646","0.67426183450707","1.4827379787896","8.2","11.237926446202","56.704852324674","3.462648335631","64.465393041457","62.48868588668","69.412247646149","5.9939048851501"
"Saudi Arabia","16.4","10.6","100","2.7","5.4763","16.5","15.8","","5.2302531898022","1093.4055175781","16.859786212444","74.998","3.4128865996228"
"Sudan","26","35.2","60.267091161123","0.8","0.6952","","22.1","23.437364964213","6.3418075442314","193.79304504394","72.479665279388","65.095","3.6273173264774"
"Senegal","18.1","45.7","80.677853867238","0.3","0.3127","24.8","2.4","24.145876076643","4.1340637952089","55.014038085938","52.39982008934","67.665","3.0984764454206"
"Singapore","9.3","22.7","100","2.4","6.2432","9.9","5.5","","4.4403828680515","2618.7124023438","32.125240564346","83.146341463415","12.393129482316"
"Solomon Islands","23.8","22.2","67.775957209575","1.4","2.1642","","19","35.889673180154","4.6849191188812","101.23986816406","5.3991623222828","72.835","3.6308099303846"
"Sierra Leone","30.5","57.9","60.806986935939","","0.2239","","2.4","19.275138162479","13.420927524567","66.402183532715","50.412553548813","54.309","2.9477366231442"
"El Salvador","14","10.8","97.388374971494","1.3","1.8344","38.9","8.8","90.649684851048","7.2275601327419","282.49102783203","29.19645011425","73.096","8.4695825694776"
"San Marino","","","100","3.8","8.2067","10.149274820585","5.9","","7.3640830814838","3361.6447753906","17.333999276161","",""
"Somalia","21.8","64.2","52.436189066323","0.9","0.1119","","5.1","9.8312489831975","","","","57.068","2.8892038123656"
"Serbia","19.1","2.4","85.522116287449","5.7","6.0855","10.176913734358","9","","8.4339581429958","528.54516601562","41.752362251282","75.890243902439","18.740503417886"
"Sub-Saharan Africa (excluding high income)","21.012599970882","56.41535041019","60.884919740574","","0.98201005609108","22.35150734998","5.3313055593086","25.456570168479","5.1145401085424","83.062328128265","35.429179772182","61.256533132745","2.9933936125854"
"South Sudan","19.8","63.4","40.676012150164","","","","10.2","","9.760994464159","22.888572692871","19.192814826965","57.604","3.3768051365955"
"Sub-Saharan Africa","21.016301454638","56.356563710629","60.935474906238","","0.98574458602304","25","5.359439782362","25.456570168479","5.1193727062783","83.758818008056","35.536740113962","61.273014648579","3.0041148242581"
"Small states","18.983512160215","33.382112138732","87.301238357848","","3.4538885422866","30.1","9.2684522391454","","4.8016685647834","602.03820813386","23.766110849785","69.541132660545","6.126882237363"
"Sao Tome and Principe","18.5","33.9","84.290159929468","","1.9242","22.5","2.4","41.339874618114","6.229991465807","119.69565582275","13.776560127735","70.17","2.9601592143442"
"Suriname","21.7","13.3","95.424744966704","","2.7569","18.8","12.5","","6.2297698110342","339.32797241211","26.379591226578","71.57","7.0151297276099"
"Slovak Republic","17.2","4.8","99.787734110239","5.8","6.0671","9","6.5","","6.7425347864628","1186.1363525391","18.713185191155","77.265853658537","16.172363892115"
"Slovenia","12.7","5","99.535025505368","4.6","9.9745","","5.9","","8.1870175898075","1920.2818603516","12.328168749809","81.378048780488","20.186284008787"
"Sweden","9.1","5.2","100.0000024634","2.6","11.8164","21.5","4.8","","11.018746346235","5904.583984375","15.032604336739","82.558536585366","20.198569623566"
"Eswatini","26.7","53.7","69.008655144746","2.1","4.1415","","4.5","24.096963344597","6.9303780794144","224.73677062988","10.496746003628","59.401","4.0147892660239"
"Sint Maarten (Dutch part)","","","95.074119553168","","","","6.8","","","","","",""
"Seychelles","21.2","11.9","96.249012558802","3.6","8.0773","","12.3","","5.0067350268364","791.65667724609","24.599426984787","72.841463414634","7.8054819468175"
"Syrian Arab Republic","21.8","5.1","97.216506208084","1.5","1.5406","26.7134317654","13.5","70.598089720866","","","","71.779","4.6918551024933"
"Turks and Caicos Islands","","","94.318181818182","","","30.787191868589","","","","","","",""
"Chad","23.9","63.4","38.70059942935","","0.2322","7.4","6","5.8180937799882","4.4873014092445","29.730863571167","58.02316069603","53.977","2.4916416230991"
"East Asia & Pacific (IDA & IBRD countries)","18.610922383185","8.7099380098128","92.131603851464","3.5142490496806","2.634241145576","19.9","8.5141021443295","","4.9125123756018","344.28939915136","36.1000626026","75.24922911359","9.9395747147941"
"Europe & Central Asia (IDA & IBRD countries)","22.599417002964","4.9216730614421","96.660184593441","6.3628479076326","6.867280787835","","7.0990946041614","","5.4050290863514","462.71526877302","33.770321315173","74.037602900507","12.879987151454"
"Togo","23.6","51.7","65.128840187857","0.7","0.4102","","2.4","10.474805591736","6.199512258172","38.048713684082","58.420127630234","60.76","2.8873475910395"
"Thailand","14.5","15.8","99.930711576602","2.1","2.7593","13.909887030896","7","83.923358195467","3.7460163235664","247.03511047363","11.146562546492","76.931","12.406250334827"
"Tajikistan","25.3","23.2","81.19627480156","4.8","4.7534","42.6","6.1","72.703504543367","7.2288148105145","57.899852752685","63.152414560318","70.879","3.0859612115329"
"Turkmenistan","29.5","17.2","98.814327984127","7.4","4.4273","19.437298311986","6.1","100","6.930448114872","456.48266601562","72.758024930954","68.073","4.5924253238213"
"Latin America & the Caribbean (IDA & IBRD countries)","16.001786618788","13.763899499526","96.637783529376","2.0918579341407","5.0168781006364","27.9","9.6710667716553","","7.956239070119","678.87484763254","28.693934939238","75.35738077791","8.515293892298"
"Timor-Leste","19.9","45.6","78.343865743815","5.9","1.668","13.674745594469","6.7","28.178228837772","3.8822934031486","83.197708129883","8.3449155092239","69.26","4.2865351139377"
"Middle East & North Africa (IDA & IBRD countries)","19.574191475723","12.242657311341","93.179789513655","1.5166967169274","2.00868081163","10.176913734358","10.804615522618","","6.6845710566941","262.15307165908","44.237580222634","73.583642805341","5.5305022629258"
"Tonga","23.3","11.7","99.906827745145","2.6","4.157","","15.7","","5.2693113684654","222.0154876709","10.630552470684","70.801","5.9419679598829"
"South Asia (IDA & IBRD)","23.256881238093","26.95450038267","92.307813961646","0.67426183450707","1.4827379787896","32.7","11.237926446202","56.704852324674","3.462648335631","64.465393041457","62.48868588668","69.412247646149","5.9939048851501"
"Sub-Saharan Africa (IDA & IBRD countries)","21.016301454638","56.356563710629","60.935474906238","","0.98574458602304","27.2","5.359439782362","25.456570168479","5.1193727062783","83.758818008056","35.536740113962","61.273014648579","3.0041148242581"
"Trinidad and Tobago","21.3","9","98.184962059394","3","4.0934","","11","89.443203835968","6.9787353277206","1124.0916748047","39.777433872223","73.38","11.118208022664"
"Tunisia","16.1","7.8","96.254703637125","2.2","2.5136","14.8","8.5","78.686890648783","7.2324573993683","250.5622253418","39.120161533356","76.505","8.5934685561919"
"Turkey","16.1","4.4","98.875718152611","2.7","2.7107","10","11.1","","4.2163029313087","444.65368652344","17.384201288223","77.437","8.7262838261929"
"Tuvalu","","","99.272240003824","","4.2609","28.9","22.1","","17.142555117607","622.17669677734","0.52217990159988","",""
"Tanzania","17.9","55.8","56.726450317447","0.7","0.5843","24.871541021538","5.7","47.95269270936","3.6454513669014","33.916576385498","24.096137285233","65.015","2.6205411031716"
"Uganda","21.9","54.5","49.104032386905","0.5","1.2382","16.8","2.5","21.222489459479","6.1877559870481","38.426441192627","39.071407914162","62.973","1.9625501873814"
"UK","24.7","4.1","93.790820110673","8.8","6.661","21.8","6.1","","6.9953203201294","177.40888977051","52.316921949387","71.582682926829","16.704990389747"
"Upper middle income","18.313523079568","8.6620008736669","94.157306718898","3.5437644576605","3.514390094989","12.6","9.0014275529386","","5.7192837636197","459.9180422626","32.87370168753","75.328977210435","10.028587348572"
"Uruguay","16.7","7.6","99.402363500494","2.8","1.9412","","7.3","","9.2962116003036","1591.533203125","17.549434304237","77.77","14.941240430374"
"US","14.6","5.2","99.269192070895","2.9","14.548","","10.8","","17.061269283295","10246.138671875","10.992921888828","78.539024390244","16.209606142851"
"Uzbekistan","24.5","10.3","97.833452709687","4","11.2804","","6.5","","6.4143851399422","98.824577331543","53.431361913681","71.573","4.5952157249793"
"St. Vincent and the Grenadines","23.2","13.4","95.14521990021","2.6","7.0145","","11.6","","4.4871252030134","320.59329223633","31.18742108345","72.415","9.7405709428605"
"Venezuela, RB","18.1","11.3","95.723711319183","0.8","0.9416","22.8","7","","1.1812101118267","94.229377746582","62.987875938415","72.128","7.6109903731012"
"Virgin Islands (U.S.)","","","99.864383561644","","","18.6","14.2","","","","","",""
"Vietnam","","","98.718267375869","","","20.485071212114","12.3","","","","","79.568292682927","19.875117137448"
"Vanuatu","17.1","11.5","94.718805606213","2.6","1.4463","27.7","6","85.846544149118","5.5321283638477","129.57595825195","45.257937908173","75.317","7.5536729417871"
"World","23.3","18.8","91.256803949503","1.7","1.4247","","11.9","25.209149696084","3.3168531954289","105.66652679443","8.96036028862","70.323","3.6160889950047"
"Samoa","18.777484217286","20.177169519583","89.59809993423","2.704488106358","3.8158356650884","18.4","8.8120444185641","","9.8838295416487","1061.146744897","18.207283567061","72.563274481284","9.0991226827045"
"Kosovo","20.6","12","97.38259524098","1","2.4885","20.3","9.2","","5.4827857762575","233.06506347656","11.857058107853","73.187","4.9331040046272"
"Yemen, Rep.","","","","","","13.8","","","","","","72.19512195122",""
"South Africa","30.6","28.7","63.473474340645","0.7","0.7852","15.8","5.4","49.542354428426","4.2345754802227","","80.957239866257","66.096","2.9021406750899"
"Zambia","26.2","39.6","92.678701936525","2.8","1.3078","","12.7","43.992573592854","8.1131182610989","499.23754882812","7.7669233083725","63.857","5.4152556077903"
"Zimbabwe","17.9","60.6","59.963756508788","2","1.3376","","4.5","13.938080013634","4.4703412801027","67.648666381836","11.849131435156","63.51","2.1153147382878"
"","19.3","54.6","64.051229703544","1.7","1.9346","","1.8","36.791261173295","6.6359162330627","110.14962005615","20.622339844704","61.195","2.9806080625078"
